{"cameraMode":{"drawMode":0,"name":"Shaded","section":"Shading Mode"},"sceneLighting":false,"audioPlay":false,"sceneViewState":{"m_AlwaysRefresh":false,"showFog":true,"showSkybox":false,"showFlares":true,"showImageEffects":true,"showParticleSystems":true,"showVisualEffectGraphs":true,"m_FxEnabled":true},"in2DMode":false,"pivot":{"x":4.909304141998291,"y":2.453380823135376,"z":24.617473602294923},"rotation":{"x":0.15756729245185853,"y":0.048772867769002917,"z":-0.007759375963360071,"w":0.9863414168357849},"size":1.9250850677490235,"orthographic":false}