{"cameraMode":{"drawMode":0,"name":"Shaded","section":"Shading Mode"},"sceneLighting":true,"audioPlay":false,"sceneViewState":{"m_AlwaysRefresh":false,"showFog":true,"showSkybox":true,"showFlares":true,"showImageEffects":true,"showParticleSystems":true,"showVisualEffectGraphs":true,"m_FxEnabled":true},"in2DMode":false,"pivot":{"x":2.0403599739074709,"y":-56.80621337890625,"z":-70.33163452148438},"rotation":{"x":-0.004319526720792055,"y":0.9437640309333801,"z":-0.3305657207965851,"w":-0.012374293059110642},"size":54.83000946044922,"orthographic":false}