{"cameraMode":{"drawMode":0,"name":"Shaded","section":"Shading Mode"},"sceneLighting":true,"audioPlay":false,"sceneViewState":{"m_AlwaysRefresh":false,"showFog":true,"showSkybox":true,"showFlares":true,"showImageEffects":true,"showParticleSystems":true,"showVisualEffectGraphs":true,"m_FxEnabled":true},"in2DMode":false,"pivot":{"x":-27.30767250061035,"y":0.806160569190979,"z":-12.735481262207032},"rotation":{"x":0.22978919744491578,"y":-0.07145798951387406,"z":0.016920050606131555,"w":0.9704669117927551},"size":0.9915730357170105,"orthographic":true}