{"cameraMode":{"drawMode":0,"name":"Shaded","section":"Shading Mode"},"sceneLighting":true,"audioPlay":false,"sceneViewState":{"m_AlwaysRefresh":false,"showFog":true,"showSkybox":true,"showFlares":true,"showImageEffects":true,"showParticleSystems":true,"showVisualEffectGraphs":true,"m_FxEnabled":true},"in2DMode":false,"pivot":{"x":6.630224227905273,"y":-0.00018358230590820313,"z":-1.1601066589355469},"rotation":{"x":-0.026492642238736154,"y":0.948399007320404,"z":-0.30527371168136599,"w":-0.08234699815511704},"size":19.127613067626954,"orthographic":false}