{"cameraMode":{"drawMode":0,"name":"Shaded","section":"Shading Mode"},"sceneLighting":true,"audioPlay":false,"sceneViewState":{"m_AlwaysRefresh":false,"showFog":true,"showSkybox":true,"showFlares":true,"showImageEffects":true,"showParticleSystems":true,"showVisualEffectGraphs":true,"m_FxEnabled":true},"in2DMode":false,"pivot":{"x":22.863882064819337,"y":-7.212589263916016,"z":14.198213577270508},"rotation":{"x":0.5212876796722412,"y":-0.011319855228066445,"z":0.0069449529983103279,"w":0.8532871603965759},"size":34.83287811279297,"orthographic":false}