{"cameraMode":{"drawMode":0,"name":"Shaded","section":"Shading Mode"},"sceneLighting":true,"audioPlay":false,"sceneViewState":{"m_AlwaysRefresh":false,"showFog":true,"showSkybox":true,"showFlares":true,"showImageEffects":true,"showParticleSystems":true,"showVisualEffectGraphs":true,"m_FxEnabled":true},"in2DMode":false,"pivot":{"x":11.354475975036621,"y":0.18660926818847657,"z":-1.752420425415039},"rotation":{"x":-0.003035152330994606,"y":0.952835202217102,"z":-0.30354902148246767,"w":-0.00963983591645956},"size":19.127613067626954,"orthographic":false}