{"cameraMode":{"drawMode":0,"name":"Shaded","section":"Shading Mode"},"sceneLighting":true,"audioPlay":false,"sceneViewState":{"m_AlwaysRefresh":false,"showFog":true,"showSkybox":true,"showFlares":true,"showImageEffects":true,"showParticleSystems":true,"showVisualEffectGraphs":true,"m_FxEnabled":true},"in2DMode":false,"pivot":{"x":-17.662996292114259,"y":52.38679504394531,"z":-33.745697021484378},"rotation":{"x":0.3601466715335846,"y":0.05090160295367241,"z":-0.019684171304106714,"w":0.9313017725944519},"size":18.64326286315918,"orthographic":true}